<?xml version="1.0" encoding="UTF-8"?>
<beans xmlns="http://www.springframework.org/schema/beans"
	xmlns:xsi="http://www.w3.org/2001/XMLSchema-instance"
	xsi:schemaLocation="http://www.springframework.org/schema/beans https://www.springframework.org/schema/beans/spring-beans.xsd">
	
	<!-- Root Context: defines shared resources visible to all other web components -->
	
		<bean id="dataSource" class="org.springframework.jdbc.datasource.DriverManagerDataSource">
			<property name="driverClassName" value="com.mysql.jdbc.Driver"></property>
			<property name="url" value="jdbc:mysql://124.49.191.70:3306/team"></property>
			<property name="username" value="root"></property>
			<property name="password" value="root"></property>
		</bean>
		
		<bean id="sqlSessionFactory" class="org.mybatis.spring.SqlSessionFactoryBean">
			<property name="dataSource" ref="dataSource"></property>
			<property name="configLocation" value="classpath:/mybatis-config.xml"></property>
			<property name="mapperLocations" value="classpath:mappers/**/*Mapper.xml"></property>
		</bean>
		
		
		<bean id="sqlSession" class="org.mybatis.spring.SqlSessionTemplate" destroy-method="clearCache">
			<constructor-arg name="sqlSessionFactory" ref="sqlSessionFactory"></constructor-arg>
		</bean>
	
	
</beans>
